DriverId,DriverName,BusId,BusRouteId
1,Durai Muthu,1,1
2,Prabhu Chidambaram,2,1B
3,Hari Anand,3,1C
4,Ramesh Rajan,4,2
5,Balaji Iyer,5,2C
6,Ganesh Nair,6,3
7,Balaji Durai,7,3C
8,Saravanan Bala,8,4
9,Selvam Manickam,9,4C
10,Sudhakar Ravi,10,5
11,Vinoth Manickam,11,5A
12,Bharath Muthu,12,5B
13,Durai Muthu,13,5C
14,Prakash Kumar,14,5D
15,Chandra Bala,15,6
16,Bharath Vasan,16,7
17,Yogesh Pillai,17,7A
18,Kannan Muthu,18,7C
19,Jeeva Menon,19,8
20,Balaji Muthu,20,8C
21,Kumar Pillai,21,9
22,Rajesh Kumar,22,9A
23,Kannan Chidambaram,23,9B
24,Gokul Manickam,24,9C
25,Rajesh Iyer,25,10
26,Murugan Nair,26,10A
27,Saravanan Reddy,27,10C
28,Anand Anand,28,11
29,Chandra Rao,29,11A
30,Anand Manickam,30,11C
31,Selvam Rajan,31,12
32,Sudhakar Durai,32,12A
33,Jeeva Menon,33,12B
34,Chandra Ravi,34,12C
35,Ganesh Manickam,35,13
36,Murugan Iyer,36,13A
37,Ilango Rajan,37,13B
38,Durai Ravi,38,13C
39,Ganesh Chidambaram,39,14
40,Durai Venu,40,14C
41,Arun Reddy,41,15
42,Anand Rao,42,15A
43,Velu Samy,43,15B
44,Rajesh Rajan,44,15C
45,Bharath Durai,45,15D
46,Vijay Rao,46,15E
47,Jeeva Sundaram,47,15F
48,Naveen Bala,48,16
49,Ramesh Vasan,49,16A
50,Ganesh Pillai,50,16B
51,Ezhil Rao,51,16C
52,Durai Sankar,52,16D
53,Sudhakar Samy,53,16E
54,Sudhakar Ravi,54,17
55,Chandra Moorthy,55,17A
56,Arun Vasan,56,17B
57,Arun Sundaram,57,17C
58,Sudhakar Moorthy,58,17D
59,Shankar Chidambaram,59,17E
60,Venkatesh Muthu,60,17F
61,Jeeva Rao,61,18
62,Madhan Kumar,62,18A
63,Bharath Reddy,63,18B
64,Vasanth Menon,64,18C
65,Aravind Nair,65,18D
66,Sudhakar Rao,66,18E
67,Saravanan Manickam,67,19
68,Balaji Manickam,68,19A
69,Jeeva Rajan,69,19B
70,Ilango Moorthy,70,19C
71,Yogesh Rajan,71,19D
72,Aravind Kumar,72,19E
73,Ezhil Krishnan,73,19F
74,Suresh Chidambaram,74,19G
75,Kannan Rajan,75,20
76,Prakash Samy,76,20A
77,Vinoth Rao,77,20B
78,Chandra Muthu,78,20C
79,Naveen Rao,79,20D
80,Kumar Sankar,80,20E
81,Balaji Pillai,81,20F
82,Balaji Durai,82,20G
83,Yogesh Reddy,83,21
84,Prakash Durai,84,21A
85,Ezhil Rao,85,21C
86,Ramesh Bala,86,22
87,Suresh Samy,87,23
88,Bharath Vasan,88,23b
89,Saravanan Pillai,89,23C
90,Chandra Krishnan,90,24
91,Murugan Menon,91,24C
92,Senthil Rajan,92,25
93,Kumar Vasan,93,25C
94,Ezhil Ravi,94,26
95,Prabhu Reddy,95,26C
96,Rajesh Sundaram,96,27
97,Senthil Sankar,97,27C
98,Prakash Venu,98,28
99,Prakash Pillai,99,28B
100,Madhan Krishnan,100,28C
101,Senthil Muthu,101,29
102,Rajesh Pillai,102,29C
103,Prabhu Bala,103,30
104,Vijay Bala,104,30C
105,Gokul Ravi,105,31
106,Anand Ravi,106,31C
107,Durai Samy,107,32
108,Shankar Pillai,108,32C
109,Anand Pillai,109,33
110,Kumar Pillai,110,33C
111,Jeeva Menon,111,34
112,Hari Durai,112,34B
113,Saravanan Samy,113,34C
114,Anand Sundaram,114,35
115,Chandra Nair,115,35A
116,Jagan Bala,116,35B
117,Thiru Pillai,117,35C
118,Raja Kumar,118,35D
119,Madhan Sundaram,119,35E
120,Arun Nair,120,36
121,Vijay Venu,121,36C
122,Balaji Sankar,122,37
123,Ilango Samy,123,37A
124,Chandra Menon,124,37B
125,Jagan Vasan,125,37C
126,Murugan Chidambaram,126,37D
127,Jagan Iyer,127,37E
128,Hari Manickam,128,38
129,Arun Samy,129,38C
130,Selvam Vasan,130,39
131,Madhan Ravi,131,39C
132,Kumar Sundaram,132,40
133,Aravind Pillai,133,40A
134,Venkatesh Nair,134,40B
135,Ezhil Sankar,135,40C
136,Durai Nair,136,40D
137,Aravind Ravi,137,41
138,Raja Bala,138,41A
139,Balaji Sundaram,139,41C
140,Raja Manickam,140,42
141,Gokul Rajan,141,42A
142,Yogesh Krishnan,142,42B
143,Ezhil Menon,143,42C
144,Balaji Pillai,144,43
145,Aravind Menon,145,44
146,Gokul Samy,146,45
147,Jeeva Rao,,
148,Suresh Rao,,
149,Kannan Sankar,,
150,Venkatesh Sundaram,,
151,Prakash Ravi,,
152,Aravind Anand,,
153,Sudhakar Durai,,
154,Yogesh Sankar,,
155,Durai Iyer,,
156,Suresh Bala,,
157,Madhan Rao,,
158,Jagan Anand,,
159,Vijay Moorthy,,
160,Thiru Vasan,,
161,Ezhil Samy,,
162,Senthil Vasan,,
163,Kannan Reddy,,
164,Jeeva Samy,,
165,Yogesh Ravi,,
166,Madhan Durai,,
167,Thiru Kumar,,
168,Thiru Manickam,,
169,Murugan Anand,,
170,Sudhakar Anand,,
